,intent_loss,intent_acc,set
0,1.4668239521440205,0.6327598132457202,train
